Workbook

Sheet Summary
A1: FW26 OTB - Summary (EUR k)
A3: Regione | B3: Planned Sales | C3: Actual Sales (Aug-Oct MTD) | D3: Plan Aug-Oct | E3: Var % | F3: Planned Receipts | G3: On Order | H3: OTB residuo
A4: EMEA | B4: =EMEA!I53 -> 139300 | C4: =EMEA!I54 -> 33674 | D4: =SUM(EMEA!C53:E53) -> 42113 | E4: =C4/D4-1 -> -0.20038943 | F4: =EMEA!I58 -> 165966 | G4: =EMEA!I59 -> 130721 | H4: =EMEA!I60 -> 35245
A5: AMERICAS | B5: =AMERICAS!I53 -> 37168 | C5: =AMERICAS!I54 -> 8975 | D5: =SUM(AMERICAS!C53:E53) -> 11003 | E5: =C5/D5-1 -> -0.18431337 | F5: =AMERICAS!I58 -> 44004 | G5: =AMERICAS!I59 -> 35292 | H5: =AMERICAS!I60 -> 8712
A6: APAC | B6: =APAC!I53 -> 136543 | C6: =APAC!I54 -> 39838 | D6: =SUM(APAC!C53:E53) -> 45022 | E6: =C6/D6-1 -> -0.11514371 | F6: =APAC!I58 -> 155626 | G6: =APAC!I59 -> 125714 | H6: =APAC!I60 -> 29912
A7: TOTALE | B7: =SUM(B4:B6) -> 313011 | C7: =SUM(C4:C6) -> 82487 | D7: =SUM(D4:D6) -> 98138 | E7: =C7/D7-1 -> -0.15947951 | F7: =SUM(F4:F6) -> 365596 | G7: =SUM(G4:G6) -> 291727 | H7: =SUM(H4:H6) -> 73869
A9: NB: Oct actual = MTD 21/10 vs full-month plan -> var% Oct non confrontabile

Sheet Assumptions
A1: FW26 Merchandise Plan / OTB - Assunzioni
A2: Valori in EUR k al cambio budget 2026, retail value. Versione v5 - 14/09/2026 (G. Bellini)
A4: Regione | B4: Crescita vs LY | C4: Note
A5: EMEA | B5: 1.05 | C5: incl. Golden Week Milano/Parigi
A6: AMERICAS | B6: 1.04 | C6: campagna FW26 US/UK da 15/9 (+ agenzia stima +20%?)
A7: APAC | B7: 1.09 | C7: Couture Astra + Cina forte
A9: Categoria | B9: Adj. crescita | C9: Mesi copertura EOP (WOC/4)
A10: Outerwear | B10: 1.03 | C10: 2.4
A11: Knitwear | B11: 1.02 | C11: 2
A12: Jersey | B12: 0.98 | C12: 1.6
A13: Footwear | B13: 1 | C13: 2.2
A14: Accessories | B14: 1.04 | C14: 1.8
A15: Bottoms | B15: 1 | C15: 2.5
A17: Astra (Couture) | B17: Piano EU = profilo Couture drop 2025 (CN/HK), fattore 1.0 | C17: da rivedere dopo lancio 24/9
A18: IRIDIA | B18: analogo ARIA x 0,55 (allocazione) / forecast stat. ARIA x 0,6 | C18: colore 510 rosa cipria = 20% buy
A19: SYD01 | B19: profilo stagionalità NH_STD (come EMEA) | C19: ?? chiedere a Daniel Lim

Sheet EMEA
A1: OTB FW26 - EMEA
A2: EUR k - retail @ budget FX
C3: Q3 FY26 | E3: Q4 FY26 | H3: Q1 FY27 | I3: Season
A4: Categoria | B4: Misura | C4: Ago-26 | D4: Set-26 | E4: Ott-26 | F4: Nov-26 | G4: Dic-26 | H4: Gen-27 | I4: TOT
A5: Outerwear | B5: Planned Sales | C5: 5560 | D5: 8965 | E5: 14876 | F5: 20333 | G5: 33115 | H5: 21603 | I5: =SUM(C5:H5) -> 104452
B6: Actual Sales | C6: 4617 | D6: 8508 | E6: 9627 | I6: =SUM(C6:H6) -> 22752
B7: Var % vs plan | C7: =IF(C6="","",C6/C5-1) -> -0.16960432 | D7: =IF(D6="","",D6/D5-1) -> -0.050976018 | E7: =IF(E6="","",E6/E5-1) -> -0.35285023 | F7: =IF(F6="","",F6/F5-1) | G7: =IF(G6="","",G6/G5-1) | H7: =IF(H6="","",H6/H5-1) | I7: =IF(SUM(C6:E6)=0,"",SUM(C6:E6)/SUM(C5:E5)-1) -> -0.22614877
B8: BOP | C8: 11364 | D8: =C9 -> 21516 | E8: =D9 -> 35702 | F8: =E9 -> 48799 | G8: =F9 -> 79476 | H8: =G9 -> 51847 | I8: =C8 -> 11364
B9: Planned EOP | C9: 21516 | D9: 35702 | E9: 48799 | F9: 79476 | G9: 51847 | H9: 36293 | I9: =H9 -> 36293
B10: Planned Receipts | C10: =C5+C9-C8 -> 15712 | D10: =D5+D9-D8 -> 23151 | E10: =E5+E9-E8 -> 27973 | F10: =F5+F9-F8 -> 51010 | G10: =G5+G9-G8 -> 5486 | H10: =H5+H9-H8 -> 6049 | I10: =SUM(C10:H10) -> 129381
B11: On Order | C11: 16423 | D11: 22926 | E11: 25425 | F11: 34034 | G11: 2472 | H11: 1181 | I11: =SUM(C11:H11) -> 102461
B12: OTB | C12: =C10-C11 -> -711 | D12: =D10-D11 -> 225 | E12: =E10-E11 -> 2548 | F12: =F10-F11 -> 16976 | G12: =G10-G11 -> 3014 | H12: =H10-H11 -> 4868 | I12: =SUM(C12:H12) -> 26920
A13: Knitwear | B13: Planned Sales | C13: 1255 | D13: 1478 | E13: 1724 | F13: 2108 | G13: 3222 | H13: 2097 | I13: =SUM(C13:H13) -> 11884
B14: Actual Sales | C14: 1084 | D14: 1575 | E14: 1302 | I14: =SUM(C14:H14) -> 3961
B15: Var % vs plan | C15: =IF(C14="","",C14/C13-1) -> -0.13625498 | D15: =IF(D14="","",D14/D13-1) -> 0.065629229 | E15: =IF(E14="","",E14/E13-1) -> -0.24477958 | F15: =IF(F14="","",F14/F13-1) | G15: =IF(G14="","",G14/G13-1) | H15: =IF(H14="","",H14/H13-1) | I15: =IF(SUM(C14:E14)=0,"",SUM(C14:E14)/SUM(C13:E13)-1) -> -0.11128562
B16: BOP | C16: 2585 | D16: =C17 -> 2956 | E16: =D17 -> 3448 | F16: =E17 -> 4216 | G16: =F17 -> 6444 | H16: =G17 -> 4194 | I16: =C16 -> 2585
B17: Planned EOP | C17: 2956 | D17: 3448 | E17: 4216 | F17: 6444 | G17: 4194 | H17: 2936 | I17: =H17 -> 2936
B18: Planned Receipts | C18: =C13+C17-C16 -> 1626 | D18: =D13+D17-D16 -> 1970 | E18: =E13+E17-E16 -> 2492 | F18: =F13+F17-F16 -> 4336 | G18: =G13+G17-G16 -> 972 | H18: =H13+H17-H16 -> 839 | I18: =SUM(C18:H18) -> 12235
B19: On Order | C19: 1684 | D19: 2013 | E19: 2351 | F19: 3008 | G19: 422 | H19: 175 | I19: =SUM(C19:H19) -> 9653
B20: OTB | C20: =C18-C19 -> -58 | D20: =D18-D19 -> -43 | E20: =E18-E19 -> 141 | F20: =F18-F19 -> 1328 | G20: =G18-G19 -> 550 | H20: =H18-H19 -> 664 | I20: =SUM(C20:H20) -> 2582
A21: Jersey | B21: Planned Sales | C21: 1190 | D21: 1110 | E21: 1135 | F21: 1220 | G21: 1789 | H21: 1257 | I21: =SUM(C21:H21) -> 7701
B22: Actual Sales | C22: 1124 | D22: 1013 | E22: 770 | I22: =SUM(C22:H22) -> 2907
B23: Var % vs plan | C23: =IF(C22="","",C22/C21-1) -> -0.055462185 | D23: =IF(D22="","",D22/D21-1) -> -0.087387387 | E23: =IF(E22="","",E22/E21-1) -> -0.3215859 | F23: =IF(F22="","",F22/F21-1) | G23: =IF(G22="","",G22/G21-1) | H23: =IF(H22="","",H22/H21-1) | I23: =IF(SUM(C22:E22)=0,"",SUM(C22:E22)/SUM(C21:E21)-1) -> -0.15371179
B24: BOP | C24: 1912 | D24: =C25 -> 1776 | E24: =D25 -> 1816 | F24: =E25 -> 1952 | G24: =F25 -> 2862 | H24: =G25 -> 2011 | I24: =C24 -> 1912
B25: Planned EOP | C25: 1776 | D25: 1816 | E25: 1952 | F25: 2862 | G25: 2011 | H25: 1408 | I25: =H25 -> 1408
B26: Planned Receipts | C26: =C21+C25-C24 -> 1054 | D26: =D21+D25-D24 -> 1150 | E26: =E21+E25-E24 -> 1271 | F26: =F21+F25-F24 -> 2130 | G26: =G21+G25-G24 -> 938 | H26: =H21+H25-H24 -> 654 | I26: =SUM(C26:H26) -> 7197
B27: On Order | C27: 1026 | D27: 1188 | E27: 1179 | F27: 1441 | G27: 411 | H27: 132 | I27: =SUM(C27:H27) -> 5377
B28: OTB | C28: =C26-C27 -> 28 | D28: =D26-D27 -> -38 | E28: =E26-E27 -> 92 | F28: =F26-F27 -> 689 | G28: =G26-G27 -> 527 | H28: =H26-H27 -> 522 | I28: =SUM(C28:H28) -> 1820
A29: Footwear | B29: Planned Sales | C29: 514 | D29: 688 | E29: 836 | F29: 1119 | G29: 1944 | H29: 1258 | I29: =SUM(C29:H29) -> 6359
B30: Actual Sales | C30: 495 | D30: 644 | E30: 601 | I30: =SUM(C30:H30) -> 1740
B31: Var % vs plan | C31: =IF(C30="","",C30/C29-1) -> -0.036964981 | D31: =IF(D30="","",D30/D29-1) -> -0.063953488 | E31: =IF(E30="","",E30/E29-1) -> -0.28110048 | F31: =IF(F30="","",F30/F29-1) | G31: =IF(G30="","",G30/G29-1) | H31: =IF(H30="","",H30/H29-1) | I31: =IF(SUM(C30:E30)=0,"",SUM(C30:E30)/SUM(C29:E29)-1) -> -0.14622179
B32: BOP | C32: 1100 | D32: =C33 -> 1514 | E32: =D33 -> 1839 | F32: =E33 -> 2462 | G32: =F33 -> 4277 | H32: =G33 -> 2768 | I32: =C32 -> 1100
B33: Planned EOP | C33: 1514 | D33: 1839 | E33: 2462 | F33: 4277 | G33: 2768 | H33: 1938 | I33: =H33 -> 1938
B34: Planned Receipts | C34: =C29+C33-C32 -> 928 | D34: =D29+D33-D32 -> 1013 | E34: =E29+E33-E32 -> 1459 | F34: =F29+F33-F32 -> 2934 | G34: =G29+G33-G32 -> 435 | H34: =H29+H33-H32 -> 428 | I34: =SUM(C34:H34) -> 7197
B35: On Order | C35: 933 | D35: 1043 | E35: 1363 | F35: 2049 | G35: 196 | H35: 90 | I35: =SUM(C35:H35) -> 5674
B36: OTB | C36: =C34-C35 -> -5 | D36: =D34-D35 -> -30 | E36: =E34-E35 -> 96 | F36: =F34-F35 -> 885 | G36: =G34-G35 -> 239 | H36: =H34-H35 -> 338 | I36: =SUM(C36:H36) -> 1523
A37: Accessories | B37: Planned Sales | C37: 652 | D37: 784 | E37: 1048 | F37: 1346 | G37: 2236 | H37: 1480 | I37: =SUM(C37:H37) -> 7546
B38: Actual Sales | C38: 582 | D38: 724 | E38: 795 | I38: =SUM(C38:H38) -> 2101
B39: Var % vs plan | C39: =IF(C38="","",C38/C37-1) -> -0.10736196 | D39: =IF(D38="","",D38/D37-1) -> -0.076530612 | E39: =IF(E38="","",E38/E37-1) -> -0.24141221 | F39: =IF(F38="","",F38/F37-1) | G39: =IF(G38="","",G38/G37-1) | H39: =IF(H38="","",H38/H37-1) | I39: =IF(SUM(C38:E38)=0,"",SUM(C38:E38)/SUM(C37:E37)-1) -> -0.1541868
B40: BOP | C40: 1197 | D40: =C41 -> 1411 | E40: =D41 -> 1886 | F40: =E41 -> 2423 | G40: =F41 -> 4025 | H40: =G41 -> 2664 | I40: =C40 -> 1197
B41: Planned EOP | C41: 1411 | D41: 1886 | E41: 2423 | F41: 4025 | G41: 2664 | H41: 1865 | I41: =H41 -> 1865
B42: Planned Receipts | C42: =C37+C41-C40 -> 866 | D42: =D37+D41-D40 -> 1259 | E42: =E37+E41-E40 -> 1585 | F42: =F37+F41-F40 -> 2948 | G42: =G37+G41-G40 -> 875 | H42: =H37+H41-H40 -> 681 | I42: =SUM(C42:H42) -> 8214
B43: On Order | C43: 908 | D43: 1301 | E43: 1406 | F43: 2017 | G43: 399 | H43: 132 | I43: =SUM(C43:H43) -> 6163
B44: OTB | C44: =C42-C43 -> -42 | D44: =D42-D43 -> -42 | E44: =E42-E43 -> 179 | F44: =F42-F43 -> 931 | G44: =G42-G43 -> 476 | H44: =H42-H43 -> 549 | I44: =SUM(C44:H44) -> 2051
A45: Bottoms | B45: Planned Sales | C45: 74 | D45: 78 | E45: 146 | F45: 217 | G45: 527 | H45: 316 | I45: =SUM(C45:H45) -> 1358
B46: Actual Sales | C46: 49 | D46: 74 | E46: 90 | I46: =SUM(C46:H46) -> 213
B47: Var % vs plan | C47: =IF(C46="","",C46/C45-1) -> -0.33783784 | D47: =IF(D46="","",D46/D45-1) -> -0.051282051 | E47: =IF(E46="","",E46/E45-1) -> -0.38356164 | F47: =IF(F46="","",F46/F45-1) | G47: =IF(G46="","",G46/G45-1) | H47: =IF(H46="","",H46/H45-1) | I47: =IF(SUM(C46:E46)=0,"",SUM(C46:E46)/SUM(C45:E45)-1) -> -0.2852349
B48: BOP | C48: 168 | D48: =C49 -> 195 | E48: =D49 -> 365 | F48: =E49 -> 542 | G48: =F49 -> 1318 | H48: =G49 -> 790 | I48: =C48 -> 168
B49: Planned EOP | C49: 195 | D49: 365 | E49: 542 | F49: 1318 | G49: 790 | H49: 552 | I49: =H49 -> 552
B50: Planned Receipts | C50: =C45+C49-C48 -> 101 | D50: =D45+D49-D48 -> 248 | E50: =E45+E49-E48 -> 323 | F50: =F45+F49-F48 -> 993 | G50: =G45+G49-G48 -> -1 | H50: =H45+H49-H48 -> 78 | I50: =SUM(C50:H50) -> 1742
B51: On Order | C51: 99 | D51: 253 | E51: 300 | F51: 725 | G51: 0 | H51: 16 | I51: =SUM(C51:H51) -> 1393
B52: OTB | C52: =C50-C51 -> 2 | D52: =D50-D51 -> -5 | E52: =E50-E51 -> 23 | F52: =F50-F51 -> 268 | G52: =G50-G51 -> -1 | H52: =H50-H51 -> 62 | I52: =SUM(C52:H52) -> 349
A53: TOTALE EMEA | B53: Planned Sales | C53: =SUM(C5,C13,C21,C29,C37,C45) -> 9245 | D53: =SUM(D5,D13,D21,D29,D37,D45) -> 13103 | E53: =SUM(E5,E13,E21,E29,E37,E45) -> 19765 | F53: =SUM(F5,F13,F21,F29,F37,F45) -> 26343 | G53: =SUM(G5,G13,G21,G29,G37,G45) -> 42833 | H53: =SUM(H5,H13,H21,H29,H37,H45) -> 28011 | I53: =SUM(I5,I13,I21,I29,I37,I45) -> 139300
B54: Actual Sales | C54: =SUM(C6,C14,C22,C30,C38,C46) -> 7951 | D54: =SUM(D6,D14,D22,D30,D38,D46) -> 12538 | E54: =SUM(E6,E14,E22,E30,E38,E46) -> 13185 | F54: =SUM(F6,F14,F22,F30,F38,F46) -> 0 | G54: =SUM(G6,G14,G22,G30,G38,G46) -> 0 | H54: =SUM(H6,H14,H22,H30,H38,H46) -> 0 | I54: =SUM(I6,I14,I22,I30,I38,I46) -> 33674
B55: Var % vs plan | C55: =IF(C54=0,"",C54/C53-1) -> -0.13996755 | D55: =IF(D54=0,"",D54/D53-1) -> -0.043119896 | E55: =IF(E54=0,"",E54/E53-1) -> -0.33291171 | F55: =IF(F54=0,"",F54/F53-1) | G55: =IF(G54=0,"",G54/G53-1) | H55: =IF(H54=0,"",H54/H53-1) | I55: =IF(I54=0,"",I54/I53-1) -> -0.75826274
B56: BOP | C56: =SUM(C8,C16,C24,C32,C40,C48) -> 18326 | D56: =SUM(D8,D16,D24,D32,D40,D48) -> 29368 | E56: =SUM(E8,E16,E24,E32,E40,E48) -> 45056 | F56: =SUM(F8,F16,F24,F32,F40,F48) -> 60394 | G56: =SUM(G8,G16,G24,G32,G40,G48) -> 98402 | H56: =SUM(H8,H16,H24,H32,H40,H48) -> 64274 | I56: =SUM(I8,I16,I24,I32,I40,I48) -> 18326
B57: Planned EOP | C57: =SUM(C9,C17,C25,C33,C41,C49) -> 29368 | D57: =SUM(D9,D17,D25,D33,D41,D49) -> 45056 | E57: =SUM(E9,E17,E25,E33,E41,E49) -> 60394 | F57: =SUM(F9,F17,F25,F33,F41,F49) -> 98402 | G57: =SUM(G9,G17,G25,G33,G41,G49) -> 64274 | H57: =SUM(H9,H17,H25,H33,H41,H49) -> 44992 | I57: =SUM(I9,I17,I25,I33,I41,I49) -> 44992
B58: Planned Receipts | C58: =SUM(C10,C18,C26,C34,C42,C50) -> 20287 | D58: =SUM(D10,D18,D26,D34,D42,D50) -> 28791 | E58: =SUM(E10,E18,E26,E34,E42,E50) -> 35103 | F58: =SUM(F10,F18,F26,F34,F42,F50) -> 64351 | G58: =SUM(G10,G18,G26,G34,G42,G50) -> 8705 | H58: =SUM(H10,H18,H26,H34,H42,H50) -> 8729 | I58: =SUM(I10,I18,I26,I34,I42,I50) -> 165966
B59: On Order | C59: =SUM(C11,C19,C27,C35,C43,C51) -> 21073 | D59: =SUM(D11,D19,D27,D35,D43,D51) -> 28724 | E59: =SUM(E11,E19,E27,E35,E43,E51) -> 32024 | F59: =SUM(F11,F19,F27,F35,F43,F51) -> 43274 | G59: =SUM(G11,G19,G27,G35,G43,G51) -> 3900 | H59: =SUM(H11,H19,H27,H35,H43,H51) -> 1726 | I59: =SUM(I11,I19,I27,I35,I43,I51) -> 130721
B60: OTB | C60: =SUM(C12,C20,C28,C36,C44,C52) -> -786 | D60: =SUM(D12,D20,D28,D36,D44,D52) -> 67 | E60: =SUM(E12,E20,E28,E36,E44,E52) -> 3079 | F60: =SUM(F12,F20,F28,F36,F44,F52) -> 21077 | G60: =SUM(G12,G20,G28,G36,G44,G52) -> 4805 | H60: =SUM(H12,H20,H28,H36,H44,H52) -> 7003 | I60: =SUM(I12,I20,I28,I36,I44,I52) -> 35245

Sheet AMERICAS
A1: OTB FW26 - AMERICAS
A2: EUR k - retail @ budget FX
C3: Q3 FY26 | E3: Q4 FY26 | H3: Q1 FY27 | I3: Season
A4: Categoria | B4: Misura | C4: Ago-26 | D4: Set-26 | E4: Ott-26 | F4: Nov-26 | G4: Dic-26 | H4: Gen-27 | I4: TOT
A5: Outerwear | B5: Planned Sales | C5: 1524 | D5: 2374 | E5: 3781 | F5: 5805 | G5: 8656 | H5: 5855 | I5: =SUM(C5:H5) -> 27995
B6: Actual Sales | C6: 1352 | D6: 2330 | E6: 2421 | I6: =SUM(C6:H6) -> 6103
B7: Var % vs plan | C7: =IF(C6="","",C6/C5-1) -> -0.11286089 | D7: =IF(D6="","",D6/D5-1) -> -0.01853412 | E7: =IF(E6="","",E6/E5-1) -> -0.3596932 | F7: =IF(F6="","",F6/F5-1) | G7: =IF(G6="","",G6/G5-1) | H7: =IF(H6="","",H6/H5-1) | I7: =IF(SUM(C6:E6)=0,"",SUM(C6:E6)/SUM(C5:E5)-1) -> -0.20523506
B8: BOP | C8: 3565 | D8: =C9 -> 5698 | E8: =D9 -> 9074 | F8: =E9 -> 13932 | G8: =F9 -> 20774 | H8: =G9 -> 14052 | I8: =C8 -> 3565
B9: Planned EOP | C9: 5698 | D9: 9074 | E9: 13932 | F9: 20774 | G9: 14052 | H9: 9835 | I9: =H9 -> 9835
B10: Planned Receipts | C10: =C5+C9-C8 -> 3657 | D10: =D5+D9-D8 -> 5750 | E10: =E5+E9-E8 -> 8639 | F10: =F5+F9-F8 -> 12647 | G10: =G5+G9-G8 -> 1934 | H10: =H5+H9-H8 -> 1638 | I10: =SUM(C10:H10) -> 34265
B11: On Order | C11: 3628 | D11: 5675 | E11: 8336 | F11: 9000 | G11: 853 | H11: 315 | I11: =SUM(C11:H11) -> 27807
B12: OTB | C12: =C10-C11 -> 29 | D12: =D10-D11 -> 75 | E12: =E10-E11 -> 303 | F12: =F10-F11 -> 3647 | G12: =G10-G11 -> 1081 | H12: =H10-H11 -> 1323 | I12: =SUM(C12:H12) -> 6458
A13: Knitwear | B13: Planned Sales | C13: 282 | D13: 372 | E13: 409 | F13: 497 | G13: 818 | H13: 576 | I13: =SUM(C13:H13) -> 2954
B14: Actual Sales | C14: 280 | D14: 358 | E14: 304 | I14: =SUM(C14:H14) -> 942
B15: Var % vs plan | C15: =IF(C14="","",C14/C13-1) -> -0.0070921986 | D15: =IF(D14="","",D14/D13-1) -> -0.037634409 | E15: =IF(E14="","",E14/E13-1) -> -0.25672372 | F15: =IF(F14="","",F14/F13-1) | G15: =IF(G14="","",G14/G13-1) | H15: =IF(H14="","",H14/H13-1) | I15: =IF(SUM(C14:E14)=0,"",SUM(C14:E14)/SUM(C13:E13)-1) -> -0.11382879
B16: BOP | C16: 574 | D16: =C17 -> 744 | E16: =D17 -> 818 | F16: =E17 -> 994 | G16: =F17 -> 1636 | H16: =G17 -> 1152 | I16: =C16 -> 574
B17: Planned EOP | C17: 744 | D17: 818 | E17: 994 | F17: 1636 | G17: 1152 | H17: 806 | I17: =H17 -> 806
B18: Planned Receipts | C18: =C13+C17-C16 -> 452 | D18: =D13+D17-D16 -> 446 | E18: =E13+E17-E16 -> 585 | F18: =F13+F17-F16 -> 1139 | G18: =G13+G17-G16 -> 334 | H18: =H13+H17-H16 -> 230 | I18: =SUM(C18:H18) -> 3186
B19: On Order | C19: 466 | D19: 441 | E19: 511 | F19: 801 | G19: 146 | H19: 44 | I19: =SUM(C19:H19) -> 2409
B20: OTB | C20: =C18-C19 -> -14 | D20: =D18-D19 -> 5 | E20: =E18-E19 -> 74 | F20: =F18-F19 -> 338 | G20: =G18-G19 -> 188 | H20: =H18-H19 -> 186 | I20: =SUM(C20:H20) -> 777
A21: Jersey | B21: Planned Sales | C21: 357 | D21: 341 | E21: 344 | F21: 392 | G21: 518 | H21: 400 | I21: =SUM(C21:H21) -> 2352
B22: Actual Sales | C22: 366 | D22: 324 | E22: 250 | I22: =SUM(C22:H22) -> 940
B23: Var % vs plan | C23: =IF(C22="","",C22/C21-1) -> 0.025210084 | D23: =IF(D22="","",D22/D21-1) -> -0.049853372 | E23: =IF(E22="","",E22/E21-1) -> -0.27325581 | F23: =IF(F22="","",F22/F21-1) | G23: =IF(G22="","",G22/G21-1) | H23: =IF(H22="","",H22/H21-1) | I23: =IF(SUM(C22:E22)=0,"",SUM(C22:E22)/SUM(C21:E21)-1) -> -0.097888676
B24: BOP | C24: 599 | D24: =C25 -> 546 | E24: =D25 -> 550 | F24: =E25 -> 627 | G24: =F25 -> 829 | H24: =G25 -> 640 | I24: =C24 -> 599
B25: Planned EOP | C25: 546 | D25: 550 | E25: 627 | F25: 829 | G25: 640 | H25: 448 | I25: =H25 -> 448
B26: Planned Receipts | C26: =C21+C25-C24 -> 304 | D26: =D21+D25-D24 -> 345 | E26: =E21+E25-E24 -> 421 | F26: =F21+F25-F24 -> 594 | G26: =G21+G25-G24 -> 329 | H26: =H21+H25-H24 -> 208 | I26: =SUM(C26:H26) -> 2201
B27: On Order | C27: 317 | D27: 355 | E27: 392 | F27: 410 | G27: 142 | H27: 42 | I27: =SUM(C27:H27) -> 1658
B28: OTB | C28: =C26-C27 -> -13 | D28: =D26-D27 -> -10 | E28: =E26-E27 -> 29 | F28: =F26-F27 -> 184 | G28: =G26-G27 -> 187 | H28: =H26-H27 -> 166 | I28: =SUM(C28:H28) -> 543
A29: Footwear | B29: Planned Sales | C29: 145 | D29: 173 | E29: 219 | F29: 270 | G29: 472 | H29: 331 | I29: =SUM(C29:H29) -> 1610
B30: Actual Sales | C30: 112 | D30: 159 | E30: 161 | I30: =SUM(C30:H30) -> 432
B31: Var % vs plan | C31: =IF(C30="","",C30/C29-1) -> -0.22758621 | D31: =IF(D30="","",D30/D29-1) -> -0.080924855 | E31: =IF(E30="","",E30/E29-1) -> -0.26484018 | F31: =IF(F30="","",F30/F29-1) | G31: =IF(G30="","",G30/G29-1) | H31: =IF(H30="","",H30/H29-1) | I31: =IF(SUM(C30:E30)=0,"",SUM(C30:E30)/SUM(C29:E29)-1) -> -0.19553073
B32: BOP | C32: 287 | D32: =C33 -> 381 | E32: =D33 -> 482 | F32: =E33 -> 594 | G32: =F33 -> 1038 | H32: =G33 -> 728 | I32: =C32 -> 287
B33: Planned EOP | C33: 381 | D33: 482 | E33: 594 | F33: 1038 | G33: 728 | H33: 510 | I33: =H33 -> 510
B34: Planned Receipts | C34: =C29+C33-C32 -> 239 | D34: =D29+D33-D32 -> 274 | E34: =E29+E33-E32 -> 331 | F34: =F29+F33-F32 -> 714 | G34: =G29+G33-G32 -> 162 | H34: =H29+H33-H32 -> 113 | I34: =SUM(C34:H34) -> 1833
B35: On Order | C35: 248 | D35: 263 | E35: 301 | F35: 509 | G35: 76 | H35: 23 | I35: =SUM(C35:H35) -> 1420
B36: OTB | C36: =C34-C35 -> -9 | D36: =D34-D35 -> 11 | E36: =E34-E35 -> 30 | F36: =F34-F35 -> 205 | G36: =G34-G35 -> 86 | H36: =H34-H35 -> 90 | I36: =SUM(C36:H36) -> 413
A37: Accessories | B37: Planned Sales | C37: 163 | D37: 213 | E37: 245 | F37: 355 | G37: 609 | H37: 372 | I37: =SUM(C37:H37) -> 1957
B38: Actual Sales | C38: 156 | D38: 173 | E38: 188 | I38: =SUM(C38:H38) -> 517
B39: Var % vs plan | C39: =IF(C38="","",C38/C37-1) -> -0.042944785 | D39: =IF(D38="","",D38/D37-1) -> -0.18779343 | E39: =IF(E38="","",E38/E37-1) -> -0.23265306 | F39: =IF(F38="","",F38/F37-1) | G39: =IF(G38="","",G38/G37-1) | H39: =IF(H38="","",H38/H37-1) | I39: =IF(SUM(C38:E38)=0,"",SUM(C38:E38)/SUM(C37:E37)-1) -> -0.16747182
B40: BOP | C40: 279 | D40: =C41 -> 383 | E40: =D41 -> 441 | F40: =E41 -> 639 | G40: =F41 -> 1096 | H40: =G41 -> 670 | I40: =C40 -> 279
B41: Planned EOP | C41: 383 | D41: 441 | E41: 639 | F41: 1096 | G41: 670 | H41: 468 | I41: =H41 -> 468
B42: Planned Receipts | C42: =C37+C41-C40 -> 267 | D42: =D37+D41-D40 -> 271 | E42: =E37+E41-E40 -> 443 | F42: =F37+F41-F40 -> 812 | G42: =G37+G41-G40 -> 183 | H42: =H37+H41-H40 -> 170 | I42: =SUM(C42:H42) -> 2146
B43: On Order | C43: 273 | D43: 260 | E43: 428 | F43: 587 | G43: 85 | H43: 35 | I43: =SUM(C43:H43) -> 1668
B44: OTB | C44: =C42-C43 -> -6 | D44: =D42-D43 -> 11 | E44: =E42-E43 -> 15 | F44: =F42-F43 -> 225 | G44: =G42-G43 -> 98 | H44: =H42-H43 -> 135 | I44: =SUM(C44:H44) -> 478
A45: Bottoms | B45: Planned Sales | C45: 12 | D45: 16 | E45: 33 | F45: 56 | G45: 126 | H45: 57 | I45: =SUM(C45:H45) -> 300
B46: Actual Sales | C46: 8 | D46: 9 | E46: 24 | I46: =SUM(C46:H46) -> 41
B47: Var % vs plan | C47: =IF(C46="","",C46/C45-1) -> -0.33333333 | D47: =IF(D46="","",D46/D45-1) -> -0.4375 | E47: =IF(E46="","",E46/E45-1) -> -0.27272727 | F47: =IF(F46="","",F46/F45-1) | G47: =IF(G46="","",G46/G45-1) | H47: =IF(H46="","",H46/H45-1) | I47: =IF(SUM(C46:E46)=0,"",SUM(C46:E46)/SUM(C45:E45)-1) -> -0.32786885
B48: BOP | C48: 27 | D48: =C49 -> 40 | E48: =D49 -> 82 | F48: =E49 -> 140 | G48: =F49 -> 315 | H48: =G49 -> 142 | I48: =C48 -> 27
B49: Planned EOP | C49: 40 | D49: 82 | E49: 140 | F49: 315 | G49: 142 | H49: 100 | I49: =H49 -> 100
B50: Planned Receipts | C50: =C45+C49-C48 -> 25 | D50: =D45+D49-D48 -> 58 | E50: =E45+E49-E48 -> 91 | F50: =F45+F49-F48 -> 231 | G50: =G45+G49-G48 -> -47 | H50: =H45+H49-H48 -> 15 | I50: =SUM(C50:H50) -> 373
B51: On Order | C51: 26 | D51: 59 | E51: 84 | F51: 158 | G51: 0 | H51: 3 | I51: =SUM(C51:H51) -> 330
B52: OTB | C52: =C50-C51 -> -1 | D52: =D50-D51 -> -1 | E52: =E50-E51 -> 7 | F52: =F50-F51 -> 73 | G52: =G50-G51 -> -47 | H52: =H50-H51 -> 12 | I52: =SUM(C52:H52) -> 43
A53: TOTALE AMERICAS | B53: Planned Sales | C53: =SUM(C5,C13,C21,C29,C37,C45) -> 2483 | D53: =SUM(D5,D13,D21,D29,D37,D45) -> 3489 | E53: =SUM(E5,E13,E21,E29,E37,E45) -> 5031 | F53: =SUM(F5,F13,F21,F29,F37,F45) -> 7375 | G53: =SUM(G5,G13,G21,G29,G37,G45) -> 11199 | H53: =SUM(H5,H13,H21,H29,H37,H45) -> 7591 | I53: =SUM(I5,I13,I21,I29,I37,I45) -> 37168
B54: Actual Sales | C54: =SUM(C6,C14,C22,C30,C38,C46) -> 2274 | D54: =SUM(D6,D14,D22,D30,D38,D46) -> 3353 | E54: =SUM(E6,E14,E22,E30,E38,E46) -> 3348 | F54: =SUM(F6,F14,F22,F30,F38,F46) -> 0 | G54: =SUM(G6,G14,G22,G30,G38,G46) -> 0 | H54: =SUM(H6,H14,H22,H30,H38,H46) -> 0 | I54: =SUM(I6,I14,I22,I30,I38,I46) -> 8975
B55: Var % vs plan | C55: =IF(C54=0,"",C54/C53-1) -> -0.084172372 | D55: =IF(D54=0,"",D54/D53-1) -> -0.03897965 | E55: =IF(E54=0,"",E54/E53-1) -> -0.33452594 | F55: =IF(F54=0,"",F54/F53-1) | G55: =IF(G54=0,"",G54/G53-1) | H55: =IF(H54=0,"",H54/H53-1) | I55: =IF(I54=0,"",I54/I53-1) -> -0.75852884
B56: BOP | C56: =SUM(C8,C16,C24,C32,C40,C48) -> 5331 | D56: =SUM(D8,D16,D24,D32,D40,D48) -> 7792 | E56: =SUM(E8,E16,E24,E32,E40,E48) -> 11447 | F56: =SUM(F8,F16,F24,F32,F40,F48) -> 16926 | G56: =SUM(G8,G16,G24,G32,G40,G48) -> 25688 | H56: =SUM(H8,H16,H24,H32,H40,H48) -> 17384 | I56: =SUM(I8,I16,I24,I32,I40,I48) -> 5331
B57: Planned EOP | C57: =SUM(C9,C17,C25,C33,C41,C49) -> 7792 | D57: =SUM(D9,D17,D25,D33,D41,D49) -> 11447 | E57: =SUM(E9,E17,E25,E33,E41,E49) -> 16926 | F57: =SUM(F9,F17,F25,F33,F41,F49) -> 25688 | G57: =SUM(G9,G17,G25,G33,G41,G49) -> 17384 | H57: =SUM(H9,H17,H25,H33,H41,H49) -> 12167 | I57: =SUM(I9,I17,I25,I33,I41,I49) -> 12167
B58: Planned Receipts | C58: =SUM(C10,C18,C26,C34,C42,C50) -> 4944 | D58: =SUM(D10,D18,D26,D34,D42,D50) -> 7144 | E58: =SUM(E10,E18,E26,E34,E42,E50) -> 10510 | F58: =SUM(F10,F18,F26,F34,F42,F50) -> 16137 | G58: =SUM(G10,G18,G26,G34,G42,G50) -> 2895 | H58: =SUM(H10,H18,H26,H34,H42,H50) -> 2374 | I58: =SUM(I10,I18,I26,I34,I42,I50) -> 44004
B59: On Order | C59: =SUM(C11,C19,C27,C35,C43,C51) -> 4958 | D59: =SUM(D11,D19,D27,D35,D43,D51) -> 7053 | E59: =SUM(E11,E19,E27,E35,E43,E51) -> 10052 | F59: =SUM(F11,F19,F27,F35,F43,F51) -> 11465 | G59: =SUM(G11,G19,G27,G35,G43,G51) -> 1302 | H59: =SUM(H11,H19,H27,H35,H43,H51) -> 462 | I59: =SUM(I11,I19,I27,I35,I43,I51) -> 35292
B60: OTB | C60: =SUM(C12,C20,C28,C36,C44,C52) -> -14 | D60: =SUM(D12,D20,D28,D36,D44,D52) -> 91 | E60: =SUM(E12,E20,E28,E36,E44,E52) -> 458 | F60: =SUM(F12,F20,F28,F36,F44,F52) -> 4672 | G60: =SUM(G12,G20,G28,G36,G44,G52) -> 1593 | H60: =SUM(H12,H20,H28,H36,H44,H52) -> 1912 | I60: =SUM(I12,I20,I28,I36,I44,I52) -> 8712

Sheet APAC
A1: OTB FW26 - APAC
A2: EUR k - retail @ budget FX
C3: Q3 FY26 | E3: Q4 FY26 | H3: Q1 FY27 | I3: Season
A4: Categoria | B4: Misura | C4: Ago-26 | D4: Set-26 | E4: Ott-26 | F4: Nov-26 | G4: Dic-26 | H4: Gen-27 | I4: TOT
A5: Outerwear | B5: Planned Sales | C5: 6159 | D5: 9956 | E5: 14883 | F5: 21427 | G5: 29985 | H5: 19931 | I5: =SUM(C5:H5) -> 102341
B6: Actual Sales | C6: 5498 | D6: 10160 | E6: 11674 | I6: =SUM(C6:H6) -> 27332
B7: Var % vs plan | C7: =IF(C6="","",C6/C5-1) -> -0.10732262 | D7: =IF(D6="","",D6/D5-1) -> 0.020490157 | E7: =IF(E6="","",E6/E5-1) -> -0.21561513 | F7: =IF(F6="","",F6/F5-1) | G7: =IF(G6="","",G6/G5-1) | H7: =IF(H6="","",H6/H5-1) | I7: =IF(SUM(C6:E6)=0,"",SUM(C6:E6)/SUM(C5:E5)-1) -> -0.11826569
B8: BOP | C8: 14974 | D8: =C9 -> 23894 | E8: =D9 -> 35719 | F8: =E9 -> 51425 | G8: =F9 -> 71964 | H8: =G9 -> 47834 | I8: =C8 -> 14974
B9: Planned EOP | C9: 23894 | D9: 35719 | E9: 51425 | F9: 71964 | G9: 47834 | H9: 33485 | I9: =H9 -> 33485
B10: Planned Receipts | C10: =C5+C9-C8 -> 15079 | D10: =D5+D9-D8 -> 21781 | E10: =E5+E9-E8 -> 30589 | F10: =F5+F9-F8 -> 41966 | G10: =G5+G9-G8 -> 5855 | H10: =H5+H9-H8 -> 5582 | I10: =SUM(C10:H10) -> 120852
B11: On Order | C11: 14641 | D11: 20811 | E11: 29467 | F11: 30135 | G11: 2667 | H11: 1109 | I11: =SUM(C11:H11) -> 98830
B12: OTB | C12: =C10-C11 -> 438 | D12: =D10-D11 -> 970 | E12: =E10-E11 -> 1122 | F12: =F10-F11 -> 11831 | G12: =G10-G11 -> 3188 | H12: =H10-H11 -> 4473 | I12: =SUM(C12:H12) -> 22022
A13: Knitwear | B13: Planned Sales | C13: 1480 | D13: 1610 | E13: 1949 | F13: 2085 | G13: 2814 | H13: 2138 | I13: =SUM(C13:H13) -> 12076
B14: Actual Sales | C14: 1340 | D14: 1768 | E14: 1689 | I14: =SUM(C14:H14) -> 4797
B15: Var % vs plan | C15: =IF(C14="","",C14/C13-1) -> -0.094594595 | D15: =IF(D14="","",D14/D13-1) -> 0.098136646 | E15: =IF(E14="","",E14/E13-1) -> -0.13340174 | F15: =IF(F14="","",F14/F13-1) | G15: =IF(G14="","",G14/G13-1) | H15: =IF(H14="","",H14/H13-1) | I15: =IF(SUM(C14:E14)=0,"",SUM(C14:E14)/SUM(C13:E13)-1) -> -0.048025402
B16: BOP | C16: 2696 | D16: =C17 -> 3220 | E16: =D17 -> 3898 | F16: =E17 -> 4170 | G16: =F17 -> 5628 | H16: =G17 -> 4276 | I16: =C16 -> 2696
B17: Planned EOP | C17: 3220 | D17: 3898 | E17: 4170 | F17: 5628 | G17: 4276 | H17: 2994 | I17: =H17 -> 2994
B18: Planned Receipts | C18: =C13+C17-C16 -> 2004 | D18: =D13+D17-D16 -> 2288 | E18: =E13+E17-E16 -> 2221 | F18: =F13+F17-F16 -> 3543 | G18: =G13+G17-G16 -> 1462 | H18: =H13+H17-H16 -> 856 | I18: =SUM(C18:H18) -> 12374
B19: On Order | C19: 1909 | D19: 2209 | E19: 1975 | F19: 2510 | G19: 629 | H19: 169 | I19: =SUM(C19:H19) -> 9401
B20: OTB | C20: =C18-C19 -> 95 | D20: =D18-D19 -> 79 | E20: =E18-E19 -> 246 | F20: =F18-F19 -> 1033 | G20: =G18-G19 -> 833 | H20: =H18-H19 -> 687 | I20: =SUM(C20:H20) -> 2973
A21: Jersey | B21: Planned Sales | C21: 1298 | D21: 1202 | E21: 1339 | F21: 1294 | G21: 1894 | H21: 1361 | I21: =SUM(C21:H21) -> 8388
B22: Actual Sales | C22: 1304 | D22: 1229 | E22: 937 | I22: =SUM(C22:H22) -> 3470
B23: Var % vs plan | C23: =IF(C22="","",C22/C21-1) -> 0.0046224961 | D23: =IF(D22="","",D22/D21-1) -> 0.022462562 | E23: =IF(E22="","",E22/E21-1) -> -0.30022405 | F23: =IF(F22="","",F22/F21-1) | G23: =IF(G22="","",G22/G21-1) | H23: =IF(H22="","",H22/H21-1) | I23: =IF(SUM(C22:E22)=0,"",SUM(C22:E22)/SUM(C21:E21)-1) -> -0.096118781
B24: BOP | C24: 2164 | D24: =C25 -> 1923 | E24: =D25 -> 2142 | F24: =E25 -> 2070 | G24: =F25 -> 3030 | H24: =G25 -> 2178 | I24: =C24 -> 2164
B25: Planned EOP | C25: 1923 | D25: 2142 | E25: 2070 | F25: 3030 | G25: 2178 | H25: 1525 | I25: =H25 -> 1525
B26: Planned Receipts | C26: =C21+C25-C24 -> 1057 | D26: =D21+D25-D24 -> 1421 | E26: =E21+E25-E24 -> 1267 | F26: =F21+F25-F24 -> 2254 | G26: =G21+G25-G24 -> 1042 | H26: =H21+H25-H24 -> 708 | I26: =SUM(C26:H26) -> 7749
B27: On Order | C27: 1092 | D27: 1432 | E27: 1136 | F27: 1630 | G27: 450 | H27: 146 | I27: =SUM(C27:H27) -> 5886
B28: OTB | C28: =C26-C27 -> -35 | D28: =D26-D27 -> -11 | E28: =E26-E27 -> 131 | F28: =F26-F27 -> 624 | G28: =G26-G27 -> 592 | H28: =H26-H27 -> 562 | I28: =SUM(C28:H28) -> 1863
A29: Footwear | B29: Planned Sales | C29: 607 | D29: 846 | E29: 991 | F29: 1194 | G29: 1671 | H29: 1127 | I29: =SUM(C29:H29) -> 6436
B30: Actual Sales | C30: 539 | D30: 690 | E30: 697 | I30: =SUM(C30:H30) -> 1926
B31: Var % vs plan | C31: =IF(C30="","",C30/C29-1) -> -0.11202636 | D31: =IF(D30="","",D30/D29-1) -> -0.18439716 | E31: =IF(E30="","",E30/E29-1) -> -0.29667003 | F31: =IF(F30="","",F30/F29-1) | G31: =IF(G30="","",G30/G29-1) | H31: =IF(H30="","",H30/H29-1) | I31: =IF(SUM(C30:E30)=0,"",SUM(C30:E30)/SUM(C29:E29)-1) -> -0.21194763
B32: BOP | C32: 1170 | D32: =C33 -> 1861 | E32: =D33 -> 2180 | F32: =E33 -> 2627 | G32: =F33 -> 3676 | H32: =G33 -> 2479 | I32: =C32 -> 1170
B33: Planned EOP | C33: 1861 | D33: 2180 | E33: 2627 | F33: 3676 | G33: 2479 | H33: 1736 | I33: =H33 -> 1736
B34: Planned Receipts | C34: =C29+C33-C32 -> 1298 | D34: =D29+D33-D32 -> 1165 | E34: =E29+E33-E32 -> 1438 | F34: =F29+F33-F32 -> 2243 | G34: =G29+G33-G32 -> 474 | H34: =H29+H33-H32 -> 384 | I34: =SUM(C34:H34) -> 7002
B35: On Order | C35: 1341 | D35: 1219 | E35: 1337 | F35: 1630 | G35: 221 | H35: 80 | I35: =SUM(C35:H35) -> 5828
B36: OTB | C36: =C34-C35 -> -43 | D36: =D34-D35 -> -54 | E36: =E34-E35 -> 101 | F36: =F34-F35 -> 613 | G36: =G34-G35 -> 253 | H36: =H34-H35 -> 304 | I36: =SUM(C36:H36) -> 1174
A37: Accessories | B37: Planned Sales | C37: 710 | D37: 799 | E37: 1041 | F37: 1314 | G37: 1774 | H37: 1200 | I37: =SUM(C37:H37) -> 6838
B38: Actual Sales | C38: 632 | D38: 752 | E38: 833 | I38: =SUM(C38:H38) -> 2217
B39: Var % vs plan | C39: =IF(C38="","",C38/C37-1) -> -0.10985915 | D39: =IF(D38="","",D38/D37-1) -> -0.058823529 | E39: =IF(E38="","",E38/E37-1) -> -0.19980788 | F39: =IF(F38="","",F38/F37-1) | G39: =IF(G38="","",G38/G37-1) | H39: =IF(H38="","",H38/H37-1) | I39: =IF(SUM(C38:E38)=0,"",SUM(C38:E38)/SUM(C37:E37)-1) -> -0.13058824
B40: BOP | C40: 1244 | D40: =C41 -> 1438 | E40: =D41 -> 1874 | F40: =E41 -> 2365 | G40: =F41 -> 3193 | H40: =G41 -> 2160 | I40: =C40 -> 1244
B41: Planned EOP | C41: 1438 | D41: 1874 | E41: 2365 | F41: 3193 | G41: 2160 | H41: 1512 | I41: =H41 -> 1512
B42: Planned Receipts | C42: =C37+C41-C40 -> 904 | D42: =D37+D41-D40 -> 1235 | E42: =E37+E41-E40 -> 1532 | F42: =F37+F41-F40 -> 2142 | G42: =G37+G41-G40 -> 741 | H42: =H37+H41-H40 -> 552 | I42: =SUM(C42:H42) -> 7106
B43: On Order | C43: 883 | D43: 1196 | E43: 1345 | F43: 1452 | G43: 321 | H43: 106 | I43: =SUM(C43:H43) -> 5303
B44: OTB | C44: =C42-C43 -> 21 | D44: =D42-D43 -> 39 | E44: =E42-E43 -> 187 | F44: =F42-F43 -> 690 | G44: =G42-G43 -> 420 | H44: =H42-H43 -> 446 | I44: =SUM(C44:H44) -> 1803
A45: Bottoms | B45: Planned Sales | C45: 25 | D45: 36 | E45: 91 | F45: 95 | G45: 135 | H45: 82 | I45: =SUM(C45:H45) -> 464
B46: Actual Sales | C46: 15 | D46: 30 | E46: 51 | I46: =SUM(C46:H46) -> 96
B47: Var % vs plan | C47: =IF(C46="","",C46/C45-1) -> -0.4 | D47: =IF(D46="","",D46/D45-1) -> -0.16666667 | E47: =IF(E46="","",E46/E45-1) -> -0.43956044 | F47: =IF(F46="","",F46/F45-1) | G47: =IF(G46="","",G46/G45-1) | H47: =IF(H46="","",H46/H45-1) | I47: =IF(SUM(C46:E46)=0,"",SUM(C46:E46)/SUM(C45:E45)-1) -> -0.36842105
B48: BOP | C48: 63 | D48: =C49 -> 90 | E48: =D49 -> 228 | F48: =E49 -> 238 | G48: =F49 -> 338 | H48: =G49 -> 205 | I48: =C48 -> 63
B49: Planned EOP | C49: 90 | D49: 228 | E49: 238 | F49: 338 | G49: 205 | H49: 142 | I49: =H49 -> 142
B50: Planned Receipts | C50: =C45+C49-C48 -> 52 | D50: =D45+D49-D48 -> 174 | E50: =E45+E49-E48 -> 101 | F50: =F45+F49-F48 -> 195 | G50: =G45+G49-G48 -> 2 | H50: =H45+H49-H48 -> 19 | I50: =SUM(C50:H50) -> 543
B51: On Order | C51: 53 | D51: 169 | E51: 97 | F51: 142 | G51: 1 | H51: 4 | I51: =SUM(C51:H51) -> 466
B52: OTB | C52: =C50-C51 -> -1 | D52: =D50-D51 -> 5 | E52: =E50-E51 -> 4 | F52: =F50-F51 -> 53 | G52: =G50-G51 -> 1 | H52: =H50-H51 -> 15 | I52: =SUM(C52:H52) -> 77
A53: TOTALE APAC | B53: Planned Sales | C53: =SUM(C5,C13,C21,C29,C37,C45) -> 10279 | D53: =SUM(D5,D13,D21,D29,D37,D45) -> 14449 | E53: =SUM(E5,E13,E21,E29,E37,E45) -> 20294 | F53: =SUM(F5,F13,F21,F29,F37,F45) -> 27409 | G53: =SUM(G5,G13,G21,G29,G37,G45) -> 38273 | H53: =SUM(H5,H13,H21,H29,H37,H45) -> 25839 | I53: =SUM(I5,I13,I21,I29,I37,I45) -> 136543
B54: Actual Sales | C54: =SUM(C6,C14,C22,C30,C38,C46) -> 9328 | D54: =SUM(D6,D14,D22,D30,D38,D46) -> 14629 | E54: =SUM(E6,E14,E22,E30,E38,E46) -> 15881 | F54: =SUM(F6,F14,F22,F30,F38,F46) -> 0 | G54: =SUM(G6,G14,G22,G30,G38,G46) -> 0 | H54: =SUM(H6,H14,H22,H30,H38,H46) -> 0 | I54: =SUM(I6,I14,I22,I30,I38,I46) -> 39838
B55: Var % vs plan | C55: =IF(C54=0,"",C54/C53-1) -> -0.092518728 | D55: =IF(D54=0,"",D54/D53-1) -> 0.01245761 | E55: =IF(E54=0,"",E54/E53-1) -> -0.21745343 | F55: =IF(F54=0,"",F54/F53-1) | G55: =IF(G54=0,"",G54/G53-1) | H55: =IF(H54=0,"",H54/H53-1) | I55: =IF(I54=0,"",I54/I53-1) -> -0.70823843
B56: BOP | C56: =SUM(C8,C16,C24,C32,C40,C48) -> 22311 | D56: =SUM(D8,D16,D24,D32,D40,D48) -> 32426 | E56: =SUM(E8,E16,E24,E32,E40,E48) -> 46041 | F56: =SUM(F8,F16,F24,F32,F40,F48) -> 62895 | G56: =SUM(G8,G16,G24,G32,G40,G48) -> 87829 | H56: =SUM(H8,H16,H24,H32,H40,H48) -> 59132 | I56: =SUM(I8,I16,I24,I32,I40,I48) -> 22311
B57: Planned EOP | C57: =SUM(C9,C17,C25,C33,C41,C49) -> 32426 | D57: =SUM(D9,D17,D25,D33,D41,D49) -> 46041 | E57: =SUM(E9,E17,E25,E33,E41,E49) -> 62895 | F57: =SUM(F9,F17,F25,F33,F41,F49) -> 87829 | G57: =SUM(G9,G17,G25,G33,G41,G49) -> 59132 | H57: =SUM(H9,H17,H25,H33,H41,H49) -> 41394 | I57: =SUM(I9,I17,I25,I33,I41,I49) -> 41394
B58: Planned Receipts | C58: =SUM(C10,C18,C26,C34,C42,C50) -> 20394 | D58: =SUM(D10,D18,D26,D34,D42,D50) -> 28064 | E58: =SUM(E10,E18,E26,E34,E42,E50) -> 37148 | F58: =SUM(F10,F18,F26,F34,F42,F50) -> 52343 | G58: =SUM(G10,G18,G26,G34,G42,G50) -> 9576 | H58: =SUM(H10,H18,H26,H34,H42,H50) -> 8101 | I58: =SUM(I10,I18,I26,I34,I42,I50) -> 155626
B59: On Order | C59: =SUM(C11,C19,C27,C35,C43,C51) -> 19919 | D59: =SUM(D11,D19,D27,D35,D43,D51) -> 27036 | E59: =SUM(E11,E19,E27,E35,E43,E51) -> 35357 | F59: =SUM(F11,F19,F27,F35,F43,F51) -> 37499 | G59: =SUM(G11,G19,G27,G35,G43,G51) -> 4289 | H59: =SUM(H11,H19,H27,H35,H43,H51) -> 1614 | I59: =SUM(I11,I19,I27,I35,I43,I51) -> 125714
B60: OTB | C60: =SUM(C12,C20,C28,C36,C44,C52) -> 475 | D60: =SUM(D12,D20,D28,D36,D44,D52) -> 1028 | E60: =SUM(E12,E20,E28,E36,E44,E52) -> 1791 | F60: =SUM(F12,F20,F28,F36,F44,F52) -> 14844 | G60: =SUM(G12,G20,G28,G36,G44,G52) -> 5287 | H60: =SUM(H12,H20,H28,H36,H44,H52) -> 6487 | I60: =SUM(I12,I20,I28,I36,I44,I52) -> 29912

Sheet OTB_v3_luglio
A1: VERSIONE LUGLIO - NON USARE (valori incollati)
A2: Regione | B2: Categoria | C2: Ago-26 | D2: Set-26 | E2: Ott-26 | F2: Nov-26 | G2: Dic-26 | H2: Gen-27
A3: EMEA | B3: Outerwear | C3: 5386 | D3: 9640 | E3: 14576 | F3: 20389 | G3: 33462 | H3: 23239
A4: EMEA | B4: Knitwear | C4: 1454 | D4: 1561 | E4: 1681 | F4: 2417 | G4: 3586 | H4: 2155
A5: EMEA | B5: Jersey | C5: 1249 | D5: 1246 | E5: 1108 | F5: 1212 | G5: 1866 | H5: 1475
A6: EMEA | B6: Footwear | C6: 520 | D6: 721 | E6: 961 | F6: 1295 | G6: 1936 | H6: 1337
A7: EMEA | B7: Accessories | C7: 670 | D7: 879 | E7: 1000 | F7: 1333 | G7: 2464 | H7: 1439
A8: EMEA | B8: Bottoms | C8: 76 | D8: 90 | E8: 149 | F8: 220 | G8: 594 | H8: 323
A9: AMERICAS | B9: Outerwear | C9: 1656 | D9: 2389 | E9: 4053 | F9: 6376 | G9: 9690 | H9: 6458
A10: AMERICAS | B10: Knitwear | C10: 281 | D10: 408 | E10: 458 | F10: 476 | G10: 871 | H10: 567
A11: AMERICAS | B11: Jersey | C11: 387 | D11: 374 | E11: 399 | F11: 449 | G11: 513 | H11: 445
A12: AMERICAS | B12: Footwear | C12: 138 | D12: 173 | E12: 246 | F12: 290 | G12: 560 | H12: 344
A13: AMERICAS | B13: Accessories | C13: 167 | D13: 235 | E13: 250 | F13: 358 | G13: 676 | H13: 369
A14: AMERICAS | B14: Bottoms | C14: 13 | D14: 15 | E14: 36 | F14: 63 | G14: 147 | H14: 64
... A20: APAC | B20: Bottoms | C20: 26 | D20: 39 | E20: 93 | F20: 97 | G20: 133 | H20: 93
